<?xml version="1.0" encoding="utf-8"?>

<plan planName="测试计划" driverType="谷歌浏览器" driverPath="" followPlanPath="尚未实现" status="true" saveResult="false" saveResultPath="">
  <model modelName="注册模块" status="true">
    <case caseName="注册成功" status="true" useLoop="true" loopCount="1" parameterType="TABLE">
      <tableData rows="2">
        <column colName="用例名称">
          <colData>用户名只包含数字</colData>
          <colData>用户名包含数字字母符号</colData>
        </column>
        <column colName="用户名">
          <colData>123432123</colData>
          <colData>1uf===F9#</colData>
        </column>
      </tableData>
      <fileData filePath="365464" fileEncoding="GBK" separator=",">
        <pname>111</pname>
        <pname>222</pname>
        <pname>333</pname>
      </fileData>
      <step>
        <stepName>清空用户名输入框</stepName>
        <status>true</status>
        <findType>通过文本查找元素（忽略空格）</findType>
        <findParams>
          <param>${用户名}</param>
        </findParams>
        <timeout>0</timeout>
        <followType>元素后面查找输入框</followType>
        <followParams/>
        <actionType>清空内容</actionType>
        <actionParams/>
      </step>
      <step>
        <stepName>清空密码框</stepName>
        <status>true</status>
        <findType>通过占位符查找输入框</findType>
        <findParams>
          <param>password</param>
        </findParams>
        <timeout>0</timeout>
        <followType>自定义</followType>
        <followParams/>
        <actionType>清空内容</actionType>
        <actionParams/>
      </step>
      <step>
        <stepName>输入正确的密码</stepName>
        <status>true</status>
        <findType>通过占位符查找输入框</findType>
        <findParams>
          <param>password</param>
        </findParams>
        <timeout>0</timeout>
        <followType>自定义</followType>
        <followParams/>
        <actionType>输入值</actionType>
        <actionParams>
          <param>asdf1234</param>
        </actionParams>
      </step>
      <step>
        <stepName>点击注册</stepName>
        <status>true</status>
        <findType>通过文本查找元素</findType>
        <findParams>
          <param>注册</param>
        </findParams>
        <timeout>0</timeout>
        <followType>无</followType>
        <followParams/>
        <actionType>点击</actionType>
        <actionParams/>
      </step>
    </case>
    <case caseName="注册失败" status="true" useLoop="true" loopCount="0" parameterType="FILE">
      <tableData rows="1">
        <column colName="用例名称">
          <colData></colData>
        </column>
      </tableData>
      <fileData filePath="test.txt" fileEncoding="utf-8" separator=",">
        <pname>p1</pname>
        <pname>p2</pname>
        <pname>p3</pname>
      </fileData>
      <step>
        <stepName>清空用户名输入框2</stepName>
        <status>true</status>
        <findType>通过文本+序号查找元素</findType>
        <findParams>
          <param>${p1}&gt;&gt;${p2}</param>
          <param>${p3}</param>
        </findParams>
        <timeout>0</timeout>
        <followType>自定义</followType>
        <followParams/>
        <actionType>清空内容</actionType>
        <actionParams/>
      </step>
      <step>
        <stepName>用户名输入5位</stepName>
        <status>true</status>
        <findType>通过占位符查找输入框</findType>
        <findParams>
          <param>username</param>
        </findParams>
        <timeout>0</timeout>
        <followType>自定义</followType>
        <followParams/>
        <actionType>输入值</actionType>
        <actionParams>
          <param>aas321</param>
        </actionParams>
      </step>
      <step>
        <stepName>清空密码框</stepName>
        <status>true</status>
        <findType>无</findType>
        <findParams/>
        <timeout>0</timeout>
        <followType>无</followType>
        <followParams/>
        <actionType>等待</actionType>
        <actionParams>
          <param>1</param>
        </actionParams>
      </step>
      <step>
        <stepName>输入正确的密码</stepName>
        <status>true</status>
        <findType>通过占位符查找输入框</findType>
        <findParams>
          <param>password</param>
        </findParams>
        <timeout>0</timeout>
        <followType>自定义</followType>
        <followParams/>
        <actionType>输入值</actionType>
        <actionParams>
          <param>aaaa1234</param>
        </actionParams>
      </step>
      <step>
        <stepName>点击注册</stepName>
        <status>true</status>
        <findType>通过文本查找元素</findType>
        <findParams>
          <param>注册</param>
        </findParams>
        <timeout>0</timeout>
        <followType>自定义</followType>
        <followParams/>
        <actionType>点击</actionType>
        <actionParams/>
      </step>
    </case>
  </model>
  <model modelName="登录模块" status="true">
    <case caseName="用户名为空" status="true" useLoop="true" loopCount="0" parameterType="TABLE">
      <tableData rows="1">
        <column colName="用例名称">
          <colData>谁知道呢</colData>
        </column>
      </tableData>
      <fileData filePath="" fileEncoding="GBK" separator=",">
        <pname></pname>
      </fileData>
      <step>
        <stepName>清空用户名输入框3</stepName>
        <status>true</status>
        <findType>通过占位符查找输入框</findType>
        <findParams>
          <param>username</param>
        </findParams>
        <timeout>0</timeout>
        <followType>自定义</followType>
        <followParams/>
        <actionType>清空内容</actionType>
        <actionParams/>
      </step>
      <step>
        <stepName>清空密码输入框</stepName>
        <status>true</status>
        <findType>通过占位符查找输入框</findType>
        <findParams>
          <param>password</param>
        </findParams>
        <timeout>0</timeout>
        <followType>自定义</followType>
        <followParams/>
        <actionType>清空内容</actionType>
        <actionParams/>
      </step>
      <step>
        <stepName>等待10秒</stepName>
        <status>true</status>
        <findType>无</findType>
        <findParams/>
        <timeout>0</timeout>
        <followType>无</followType>
        <followParams/>
        <actionType>等待</actionType>
        <actionParams>
          <param>10</param>
        </actionParams>
      </step>
      <step>
        <stepName>点击登录</stepName>
        <status>true</status>
        <findType>通过文本查找元素</findType>
        <findParams>
          <param>登录</param>
        </findParams>
        <timeout>0</timeout>
        <followType>自定义</followType>
        <followParams/>
        <actionType>点击</actionType>
        <actionParams/>
      </step>
    </case>
    <case caseName="用户名小于6位" status="true" useLoop="true" loopCount="0" parameterType="TABLE">
      <tableData rows="0">
        <column colName="用例名称"/>
      </tableData>
      <fileData filePath="" fileEncoding="GBK" separator=","/>
      <step>
        <stepName>清空用户名输入框4</stepName>
        <status>true</status>
        <findType>通过占位符查找输入框</findType>
        <findParams>
          <param>username</param>
        </findParams>
        <timeout>0</timeout>
        <followType>自定义</followType>
        <followParams/>
        <actionType>清空内容</actionType>
        <actionParams/>
      </step>
      <step>
        <stepName>输入5位用户名</stepName>
        <status>true</status>
        <findType>通过占位符查找输入框</findType>
        <findParams>
          <param>username</param>
        </findParams>
        <timeout>0</timeout>
        <followType>自定义</followType>
        <followParams/>
        <actionType>输入值</actionType>
        <actionParams>
          <param>aas23</param>
        </actionParams>
      </step>
      <step>
        <stepName>清空密码框</stepName>
        <status>true</status>
        <findType>通过占位符查找输入框</findType>
        <findParams>
          <param>password</param>
        </findParams>
        <timeout>0</timeout>
        <followType>自定义</followType>
        <followParams/>
        <actionType>清空内容</actionType>
        <actionParams/>
      </step>
      <step>
        <stepName>输入正确的密码</stepName>
        <status>true</status>
        <findType>通过占位符查找输入框</findType>
        <findParams>
          <param>password</param>
        </findParams>
        <timeout>0</timeout>
        <followType>自定义</followType>
        <followParams/>
        <actionType>输入值</actionType>
        <actionParams>
          <param>aaaa1111</param>
        </actionParams>
      </step>
      <step>
        <stepName>点击登录</stepName>
        <status>true</status>
        <findType>通过xpath查找元素</findType>
        <findParams>
          <param>登录</param>
        </findParams>
        <timeout>0</timeout>
        <followType>自定义</followType>
        <followParams/>
        <actionType>点击</actionType>
        <actionParams/>
      </step>
    </case>
  </model>
  <model modelName="会员模块" status="true">
    <case caseName="用户信息检查" status="true" useLoop="false" loopCount="0" parameterType="TABLE">
      <tableData rows="1">
        <column colName="用例名称">
          <colData></colData>
        </column>
      </tableData>
      <fileData filePath="" fileEncoding="GBK" separator=","/>
      <step>
        <stepName>获取用户昵称</stepName>
        <status>true</status>
        <findType>通过文本查找元素</findType>
        <findParams>
          <param>英雄</param>
        </findParams>
        <timeout>0</timeout>
        <followType>自定义</followType>
        <followParams/>
        <actionType>断言元素内出现文本</actionType>
        <actionParams>
          <param>英雄</param>
        </actionParams>
      </step>
    </case>
    <case caseName="用户昵称修改" status="true" useLoop="false" loopCount="0" parameterType="TABLE">
      <tableData rows="1">
        <column colName="用例名称">
          <colData></colData>
        </column>
      </tableData>
      <fileData filePath="" fileEncoding="GBK" separator=","/>
      <step>
        <stepName>点击头像</stepName>
        <status>true</status>
        <findType>通过xpath查找元素</findType>
        <findParams>
          <param>//image[@class='aaa']</param>
        </findParams>
        <timeout>0</timeout>
        <followType>自定义</followType>
        <followParams/>
        <actionType>点击</actionType>
        <actionParams/>
      </step>
    </case>
  </model>
  <model modelName="商品模块" status="true">
    <case caseName="商品信息检查" status="true" useLoop="false" loopCount="0" parameterType="TABLE">
      <tableData rows="1">
        <column colName="用例名称">
          <colData></colData>
        </column>
      </tableData>
      <fileData filePath="" fileEncoding="GBK" separator=","/>
      <step>
        <stepName>获取商品名称</stepName>
        <status>true</status>
        <findType>通过文本查找元素</findType>
        <findParams>
          <param>狗皮膏药</param>
        </findParams>
        <timeout>0</timeout>
        <followType>自定义</followType>
        <followParams/>
        <actionType>获取文本值</actionType>
        <actionParams/>
      </step>
    </case>
    <case caseName="商品名称修改" status="true" useLoop="false" loopCount="0" parameterType="TABLE">
      <tableData rows="1">
        <column colName="用例名称">
          <colData></colData>
        </column>
      </tableData>
      <fileData filePath="" fileEncoding="GBK" separator=","/>
      <step>
        <stepName>点击一个商品</stepName>
        <status>true</status>
        <findType>通过文本查找元素</findType>
        <findParams>
          <param>狗皮膏药</param>
        </findParams>
        <timeout>0</timeout>
        <followType>自定义</followType>
        <followParams/>
        <actionType>点击</actionType>
        <actionParams/>
      </step>
    </case>
    <case caseName="商品查询" status="true" useLoop="false" loopCount="0" parameterType="TABLE">
      <tableData rows="1">
        <column colName="用例名称">
          <colData></colData>
        </column>
      </tableData>
      <fileData filePath="" fileEncoding="GBK" separator=","/>
      <step>
        <stepName>输入商品名称</stepName>
        <status>true</status>
        <findType>文本后查找input</findType>
        <findParams>
          <param>商品名称：</param>
        </findParams>
        <timeout>0</timeout>
        <followType>自定义</followType>
        <followParams/>
        <actionType>输入值</actionType>
        <actionParams>
          <param>狗皮膏药</param>
        </actionParams>
      </step>
    </case>
    <case caseName="商品删除" status="true" useLoop="false" loopCount="0" parameterType="TABLE">
      <tableData rows="1">
        <column colName="用例名称">
          <colData></colData>
        </column>
      </tableData>
      <fileData filePath="" fileEncoding="GBK" separator=","/>
      <step>
        <stepName>点击删除</stepName>
        <status>true</status>
        <findType>文本后查找文本元素</findType>
        <findParams>
          <param>狗皮膏药</param>
          <param>删除</param>
        </findParams>
        <timeout>0</timeout>
        <followType>自定义</followType>
        <followParams/>
        <actionType>点击</actionType>
        <actionParams/>
      </step>
    </case>
  </model>
</plan>
