<?xml version="1.0" encoding="utf-8"?>

<plan planName="测试计划" driverType="谷歌浏览器" driverPath="" followPlanPath="" status="true" saveResult="false" saveResultPath="">
  <model modelName="测试模块" status="true">
    <case caseName="测试用例" status="true" useLoop="false" loopCount="0" parameterType="TABLE">
      <tableData rows="1">
        <column colName="用例名称">
          <colData></colData>
        </column>
      </tableData>
      <fileData filePath="" fileEncoding="GBK" separator=","/>
      <step>
        <stepName>打开百度首页</stepName>
        <status>true</status>
        <findType>无</findType>
        <findParams/>
        <timeout>0</timeout>
        <followType>无</followType>
        <followParams/>
        <actionType>打开网页</actionType>
        <actionParams>
          <param>http://www.baidu.com</param>
        </actionParams>
      </step>
      <step>
        <stepName>搜索框输入king</stepName>
        <status>true</status>
        <findType>通过value属性查找元素</findType>
        <findParams>
          <param>百度一下</param>
        </findParams>
        <timeout>0</timeout>
        <followType>元素前找input</followType>
        <followParams/>
        <actionType>输入值</actionType>
        <actionParams>
          <param>king</param>
        </actionParams>
      </step>
      <step>
        <stepName>点击百度一下</stepName>
        <status>true</status>
        <findType>通过value属性查找元素</findType>
        <findParams>
          <param>百度一下</param>
        </findParams>
        <timeout>0</timeout>
        <followType>无</followType>
        <followParams/>
        <actionType>点击</actionType>
        <actionParams/>
      </step>
      <step>
        <stepName>等待10秒</stepName>
        <status>true</status>
        <findType>无</findType>
        <findParams/>
        <timeout>0</timeout>
        <followType>无</followType>
        <followParams/>
        <actionType>等待</actionType>
        <actionParams>
          <param>10</param>
        </actionParams>
      </step>
    </case>
  </model>
</plan>
